Workbook

Sheet REPORTE DIARIO DE OPERACIONES
A2: Fecha | B2: Cuenca | C2: Campo | D2: Contratista | E2: Unidad | F2: TAG de la unidad | G2: capacidad instalada | H2: Capacidad Entregada (kW) | I2: Horometro inicial | J2: Horometro final | K2: KWH generados | L2: Potencia promedio | M2: Horas Operacion | N2: Horas StandBy | O2: Horas MMT Preventivo | P2: Horas MMT Correctivo | Q2: total horas | R2: Horas Paradas Externas | S2: Numero de fallas | T2: Tipo de combustible Primario | U2: Tipo de combustible Secundario | V2: Consumo de combustible Primario | W2: Consumo de combustible secundario | X2: Eficiencia | Y2: Observaciones
A3: 46235 | B3: PUTN | C3: COSTAYACO | D3: COPOWER | E3: J320 | F3: CPW-01 | G3: 1050 | H3: 700 | I3: 16215 | J3: 16239 | K3: 14497 | L3: 604.04167 | M3: 24 | N3: 0 | O3: 0 | P3: 0 | Q3: 24 | R3: 0 | S3: 0 | T3: GAS | U3: NO APLICA | V3: 127574 | W3: NO APLICA | X3: 1
A4: 46235 | B4: PUTN | C4: COSTAYACO | D4: COPOWER | E4: J320 | F4: CPW-02 | G4: 1050 | H4: 700 | I4: 14045 | J4: 14045 | K4: 0 | L4: 0 | M4: 0 | N4: 24 | O4: 0 | P4: 0 | Q4: 24 | R4: 0 | S4: 0 | T4: GAS | U4: NO APLICA | V4: 0 | W4: NO APLICA | X4: 1 | Y4: 24 horas de stand by por trabajos en linea de gas moqueta
A5: 46235 | B5: PUTN | C5: COSTAYACO | D5: COPOWER | E5: J320 | F5: CPW-03 | G5: 1050 | H5: 700 | I5: 12472 | J5: 12496 | K5: 14497 | L5: 604.04167 | M5: 24 | N5: 0 | O5: 0 | P5: 0 | Q5: 24 | R5: 0 | S5: 0 | T5: GAS | U5: NO APLICA | V5: 127574 | W5: NO APLICA | X5: 1
A6: 46235 | B6: PUTN | C6: COSTAYACO | D6: COPOWER | E6: J420 | F6: CPW-04 | G6: 1300 | H6: 1040 | I6: 3934 | J6: 3934 | K6: 0 | L6: 0 | M6: 0 | N6: 24 | O6: 0 | P6: 0 | Q6: 24 | R6: 0 | S6: 0 | T6: GAS | U6: NO APLICA | V6: 0 | W6: NO APLICA | X6: 1 | Y6: 24 horas de stand by por trabajos en linea de gas moqueta
A7: 46235 | B7: PUTN | C7: COSTAYACO | D7: COPOWER | E7: J420 | F7: CPW-05 | G7: 1300 | H7: 1040 | I7: 3927 | J7: 3927 | K7: 0 | L7: 0 | M7: 0 | N7: 24 | O7: 0 | P7: 0 | Q7: 24 | R7: 0 | S7: 0 | T7: GAS | U7: NO APLICA | V7: 0 | W7: NO APLICA | X7: 1 | Y7: 24 horas de stand by por trabajos en linea de gas moqueta
A8: 46235 | B8: PUTN | C8: COSTAYACO | D8: COPOWER | E8: J420 | F8: CPW-06 | G8: 1300 | H8: 1040 | I8: 2369 | J8: 2393 | K8: 19335 | L8: 805.625 | M8: 24 | N8: 0 | O8: 0 | P8: 0 | Q8: 24 | R8: 0 | S8: 0 | T8: GAS | U8: NO APLICA | V8: 170148 | W8: NO APLICA | X8: 1
A9: 46235 | B9: PUTN | C9: COSTAYACO | D9: COPOWER | E9: J320 | F9: CPW-07 | G9: 1050 | H9: 740 | I9: 1341 | J9: 1365 | K9: 14011 | L9: 583.79167 | M9: 24 | N9: 0 | O9: 0 | P9: 0 | Q9: 24 | R9: 0 | S9: 0 | T9: GAS | U9: NO APLICA | V9: 123297 | W9: NO APLICA | X9: 1
A10: 46235 | B10: PUTN | C10: COSTAYACO | D10: COPOWER | E10: CUMMINS | F10: G101V | G10: 500 | H10: 360 | I10: 15228 | J10: 15228 | K10: 0 | L10: 0 | M10: 0 | N10: 24 | O10: 0 | P10: 0 | Q10: 24 | R10: 0 | S10: 0 | T10: DIESEL | U10: NO APLICA | V10: 0 | W10: NO APLICA | X10: 1
A11: 46235 | B11: PUTN | C11: COSTAYACO | D11: COPOWER | E11: CUMMINS | F11: G102J | G11: 1000 | H11: 800 | I11: 3531 | J11: 3531 | K11: 0 | L11: 0 | M11: 0 | N11: 24 | O11: 0 | P11: 0 | Q11: 24 | R11: 0 | S11: 0 | T11: DIESEL | U11: NO APLICA | V11: 0 | W11: NO APLICA | X11: 1
A12: 46235 | B12: PUTN | C12: COSTAYACO | D12: COPOWER | E12: CUMMINS | F12: G102K | G12: 1000 | H12: 800 | I12: 2406 | J12: 2406 | K12: 0 | L12: 0 | M12: 0 | N12: 24 | O12: 0 | P12: 0 | Q12: 24 | R12: 0 | S12: 0 | T12: DIESEL | U12: NO APLICA | V12: 0 | W12: NO APLICA | X12: 1
A13: 46235 | B13: PUTN | C13: VONU | D13: COPOWER | E13: JINAN | F13: JIN-01 | G13: 600 | H13: 350 | I13: 6385 | J13: 6409 | K13: 8406 | L13: 350.25 | M13: 24 | N13: 0 | O13: 0 | P13: 0 | Q13: 24 | R13: 0 | S13: 0 | T13: GAS | U13: NO APLICA | V13: 73973 | W13: NO APLICA | X13: 1
A14: 46235 | B14: PUTN | C14: VONU | D14: COPOWER | E14: JINAN | F14: JIN-02 | G14: 600 | H14: 350 | I14: 6295 | J14: 6319 | K14: 8397 | L14: 349.875 | M14: 24 | N14: 0 | O14: 0 | P14: 0 | Q14: 24 | R14: 0 | S14: 0 | T14: GAS | U14: NO APLICA | V14: 73894 | W14: NO APLICA | X14: 1
A15: 46235 | B15: PUTN | C15: COSTAYACO | D15: COPOWER | E15: JINAN | F15: CPW-10 | G15: 600 | H15: 450 | I15: 4373 | J15: 4391 | K15: 5831 | L15: 242.95833 | M15: 18 | N15: 6 | O15: 0 | P15: 0 | Q15: 24 | R15: 0 | S15: 0 | T15: GAS | U15: NO APLICA | V15: 51313 | W15: NO APLICA | X15: 1 | Y15: 00:23 ingresa en linea equipo CPW-10 a peticion de operador CCM y sale a las 3:01 por lluvias en la zona y controlar presion de gas CYC-----04:50 Ingresa en linea equipo CpW10 con gas CYC a pteticion de operador de CCM-----19:04 Sale de linea CPW-10 por peticion de operador de CCM.
A16: 46235 | B16: PUTN | C16: COSTAYACO | D16: COPOWER | E16: JINAN | F16: CPW-11 | G16: 600 | H16: 450 | I16: 516 | J16: 540 | K16: 8364 | L16: 348.5 | M16: 24 | N16: 0 | O16: 0 | P16: 0 | Q16: 24 | R16: 0 | S16: 0 | T16: GAS | U16: NO APLICA | V16: 73603 | W16: NO APLICA | X16: 1
A17: 46235 | B17: PUTN | C17: COSTAYACO | D17: COPOWER | E17: JINAN | F17: CPW-12 | G17: 600 | H17: 450 | I17: 651 | J17: 651 | K17: 0 | L17: 0 | M17: 0 | N17: 24 | O17: 0 | P17: 0 | Q17: 24 | R17: 0 | S17: 0 | T17: GAS | U17: NO APLICA | V17: 0 | W17: NO APLICA | X17: 1
A18: 46236 | B18: PUTN | C18: COSTAYACO | D18: COPOWER | E18: J320 | F18: CPW-01 | G18: 1050 | H18: 700 | I18: 16239 | J18: 16263 | K18: 14766 | L18: 615.25 | M18: 24 | N18: 0 | O18: 0 | P18: 0 | Q18: 24 | R18: 0 | S18: 0 | T18: GAS | U18: NO APLICA | V18: 129941 | W18: NO APLICA | X18: 1
A19: 46236 | B19: PUTN | C19: COSTAYACO | D19: COPOWER | E19: J320 | F19: CPW-02 | G19: 1050 | H19: 700 | I19: 14045 | J19: 14047 | K19: 1017 | L19: 42.375 | M19: 2 | N19: 22 | O19: 0 | P19: 0 | Q19: 24 | R19: 0 | S19: 0 | T19: GAS | U19: NO APLICA | V19: 8950 | W19: NO APLICA | X19: 1 | Y19: 18:00 hrs. EQUIPO:CPW-02, A solicitud del CCM, Ingresan con gas Moqueta----19:54. EQUIPO:CPW-02, A solicitud del CCM, sale de linea para recuperar presion de gas moqueta 119 psi
A20: 46236 | B20: PUTN | C20: COSTAYACO | D20: COPOWER | E20: J320 | F20: CPW-03 | G20: 1050 | H20: 700 | I20: 12496 | J20: 12520 | K20: 14761 | L20: 615.04167 | M20: 24 | N20: 0 | O20: 0 | P20: 0 | Q20: 24 | R20: 0 | S20: 0 | T20: GAS | U20: NO APLICA | V20: 129897 | W20: NO APLICA | X20: 1
A21: 46236 | B21: PUTN | C21: COSTAYACO | D21: COPOWER | E21: J420 | F21: CPW-04 | G21: 1300 | H21: 1040 | I21: 3934 | J21: 3944 | K21: 7899 | L21: 329.125 | M21: 10 | N21: 14 | O21: 0 | P21: 0 | Q21: 24 | R21: 0 | S21: 0 | T21: GAS | U21: NO APLICA | V21: 69511 | W21: NO APLICA | X21: 1 | Y21: 14:20 hrs. EQUIPO:CPW-04, A solicitud del CCM, Ingresan con gas Moqueta
A22: 46236 | B22: PUTN | C22: COSTAYACO | D22: COPOWER | E22: J420 | F22: CPW-05 | G22: 1300 | H22: 1040 | I22: 3927 | J22: 3936 | K22: 7668 | L22: 319.5 | M22: 9 | N22: 15 | O22: 0 | P22: 0 | Q22: 24 | R22: 0 | S22: 0 | T22: GAS | U22: NO APLICA | V22: 67478 | W22: NO APLICA | X22: 1 | Y22: 14:42 hrs. EQUIPO:CPW-05, A solicitud del CCM, Ingresan con gas Moqueta
A23: 46236 | B23: PUTN | C23: COSTAYACO | D23: COPOWER | E23: J420 | F23: CPW-06 | G23: 1300 | H23: 1040 | I23: 2393 | J23: 2417 | K23: 19533 | L23: 813.875 | M23: 24 | N23: 0 | O23: 0 | P23: 0 | Q23: 24 | R23: 0 | S23: 0 | T23: GAS | U23: NO APLICA | V23: 171890 | W23: NO APLICA | X23: 1
A24: 46236 | B24: PUTN | C24: COSTAYACO | D24: COPOWER | E24: J320 | F24: CPW-07 | G24: 1050 | H24: 740 | I24: 1365 | J24: 1389 | K24: 14313 | L24: 596.375 | M24: 24 | N24: 0 | O24: 0 | P24: 0 | Q24: 24 | R24: 0 | S24: 0 | T24: GAS | U24: NO APLICA | V24: 125954 | W24: NO APLICA | X24: 1
A25: 46236 | B25: PUTN | C25: COSTAYACO | D25: COPOWER | E25: CUMMINS | F25: G101V | G25: 500 | H25: 360 | I25: 15228 | J25: 15228 | K25: 0 | L25: 0 | M25: 0 | N25: 24 | O25: 0 | P25: 0 | Q25: 24 | R25: 0 | S25: 0 | T25: DIESEL | U25: NO APLICA | V25: 0 | W25: NO APLICA | X25: 1
A26: 46236 | B26: PUTN | C26: COSTAYACO | D26: COPOWER | E26: CUMMINS | F26: G102J | G26: 1000 | H26: 800 | I26: 3531 | J26: 3533 | K26: 2159 | L26: 89.958333 | M26: 2 | N26: 22 | O26: 0 | P26: 0 | Q26: 24 | R26: 0 | S26: 0 | T26: DIESEL | U26: NO APLICA | V26: 151 | W26: NO APLICA | X26: 1 | Y26: 8:24 EQUIPO:G102J, A solicitud del CCM, entran en linea. Por inicio de maniobras para pasar equipos de reparto de carga a carga base para cambio de control de frontera
A27: 46236 | B27: PUTN | C27: COSTAYACO | D27: COPOWER | E27: CUMMINS | F27: G102K | G27: 1000 | H27: 800 | I27: 2406 | J27: 2409 | K27: 2166 | L27: 90.25 | M27: 3 | N27: 21 | O27: 0 | P27: 0 | Q27: 24 | R27: 0 | S27: 0 | T27: DIESEL | U27: NO APLICA | V27: 152 | W27: NO APLICA | X27: 1 | Y27: 8:23 EQUIPO:G102K, A solicitud del CCM, entran en linea. Por inicio de maniobras para pasar equipos de reparto de carga a carga base para cambio de control de frontera
A28: 46236 | B28: PUTN | C28: VONU | D28: COPOWER | E28: JINAN | F28: JIN-01 | G28: 600 | H28: 350 | I28: 6409 | J28: 6433 | K28: 8399 | L28: 349.95833 | M28: 24 | N28: 0 | O28: 0 | P28: 0 | Q28: 24 | R28: 0 | S28: 0 | T28: GAS | U28: NO APLICA | V28: 73911 | W28: NO APLICA | X28: 1
A29: 46236 | B29: PUTN | C29: VONU | D29: COPOWER | E29: JINAN | F29: JIN-02 | G29: 600 | H29: 350 | I29: 6319 | J29: 6343 | K29: 8401 | L29: 350.04167 | M29: 24 | N29: 0 | O29: 0 | P29: 0 | Q29: 24 | R29: 0 | S29: 0 | T29: GAS | U29: NO APLICA | V29: 73929 | W29: NO APLICA | X29: 1
A30: 46236 | B30: PUTN | C30: COSTAYACO | D30: COPOWER | E30: JINAN | F30: CPW-10 | G30: 600 | H30: 450 | I30: 4391 | J30: 4391 | K30: 0 | L30: 0 | M30: 0 | N30: 24 | O30: 0 | P30: 0 | Q30: 24 | R30: 0 | S30: 0 | T30: GAS | U30: NO APLICA | V30: 0 | W30: NO APLICA | X30: 1 | Y30: POR PETICION D CCM BAJA PRESIÓN DE GAS
A31: 46236 | B31: PUTN | C31: COSTAYACO | D31: COPOWER | E31: JINAN | F31: CPW-11 | G31: 600 | H31: 450 | I31: 540 | J31: 564 | K31: 8479 | L31: 353.29167 | M31: 24 | N31: 0 | O31: 0 | P31: 0 | Q31: 24 | R31: 0 | S31: 0 | T31: GAS | U31: NO APLICA | V31: 74611 | W31: NO APLICA | X31: 1
A32: 46236 | B32: PUTN | C32: COSTAYACO | D32: COPOWER | E32: JINAN | F32: CPW-12 | G32: 600 | H32: 450 | I32: 651 | J32: 651 | K32: 0 | L32: 0 | M32: 0 | N32: 24 | O32: 0 | P32: 0 | Q32: 24 | R32: 0 | S32: 0 | T32: GAS | U32: NO APLICA | V32: 0 | W32: NO APLICA | X32: 1 | Y32: POR PETICION D CCM BAJA PRESIÓN DE GAS
A33: 46237 | B33: PUTN | C33: COSTAYACO | D33: COPOWER | E33: J320 | F33: CPW-01 | G33: 1050 | H33: 700 | I33: 16263 | J33: 16283 | K33: 13376 | L33: 557.33333 | M33: 20 | N33: 4 | O33: 0 | P33: 0 | Q33: 24 | R33: 0 | S33: 0 | T33: GAS | U33: NO APLICA | V33: 117709 | W33: NO APLICA | X33: 1 | Y33: 10:17 hrs. Generador CPW01 parada manual a solicitud de CCM por parada de MRU por cambio de filtros, 12:32 hrs. Equipo ingresa en linea con gas MRU-----22:44 Sale de linea equipo CPW-01 por salida de MRU
A34: 46237 | B34: PUTN | C34: COSTAYACO | D34: COPOWER | E34: J320 | F34: CPW-02 | G34: 1050 | H34: 700 | I34: 14047 | J34: 14057 | K34: 6521 | L34: 271.70833 | M34: 10 | N34: 14 | O34: 0 | P34: 0 | Q34: 24 | R34: 0 | S34: 0 | T34: GAS | U34: NO APLICA | V34: 57385 | W34: NO APLICA | X34: 1 | Y34: 12:43 hrs. Generador CPW02 ingresa a linea a solicitud de CCM con gas MRU-----22:44 Sale de linea equipo CPW-02 por salida de MRU
A35: 46237 | B35: PUTN | C35: COSTAYACO | D35: COPOWER | E35: J320 | F35: CPW-03 | G35: 1050 | H35: 700 | I35: 12520 | J35: 12530 | K35: 6799 | L35: 283.29167 | M35: 10 | N35: 14 | O35: 0 | P35: 0 | Q35: 24 | R35: 0 | S35: 0 | T35: GAS | U35: NO APLICA | V35: 59831 | W35: NO APLICA | X35: 1 | Y35: 12:43 hrs. Generador CPW02 ingresa a linea a solicitud de CCM con gas MRU-----22:44 Sale de linea equipo CPW-02 por salida de MRU
A36: 46237 | B36: PUTN | C36: COSTAYACO | D36: COPOWER | E36: J420 | F36: CPW-04 | G36: 1300 | H36: 1040 | I36: 3944 | J36: 3968 | K36: 20730 | L36: 863.75 | M36: 24 | N36: 0 | O36: 0 | P36: 0 | Q36: 24 | R36: 0 | S36: 0 | T36: GAS | U36: NO APLICA | V36: 182424 | W36: NO APLICA | X36: 1
A37: 46237 | B37: PUTN | C37: COSTAYACO | D37: COPOWER | E37: J420 | F37: CPW-05 | G37: 1300 | H37: 1040 | I37: 3936 | J37: 3960 | K37: 20558 | L37: 856.58333 | M37: 24 | N37: 0 | O37: 0 | P37: 0 | Q37: 24 | R37: 0 | S37: 0 | T37: GAS | U37: NO APLICA | V37: 180910 | W37: NO APLICA | X37: 1
A38: 46237 | B38: PUTN | C38: COSTAYACO | D38: COPOWER | E38: J420 | F38: CPW-06 | G38: 1300 | H38: 1040 | I38: 2417 | J38: 2438 | K38: 17807 | L38: 741.95833 | M38: 21 | N38: 3 | O38: 0 | P38: 0 | Q38: 24 | R38: 0 | S38: 0 | T38: GAS | U38: NO APLICA | V38: 156702 | W38: NO APLICA | X38: 1 | Y38: 10:32 hrs. Generador CPW06 parada manual a solicitud de CCM por parada de MRU por cambio de filtros, 12:50 hrs. Equipo ingresa en linea con gas MRU----22:44 Sale de linea equipo CPW-06 por salida de MRU
A39: 46237 | B39: PUTN | C39: COSTAYACO | D39: COPOWER | E39: J320 | F39: CPW-07 | G39: 1050 | H39: 740 | I39: 1389 | J39: 1410 | K39: 12724 | L39: 530.16667 | M39: 21 | N39: 3 | O39: 0 | P39: 0 | Q39: 24 | R39: 0 | S39: 0 | T39: GAS | U39: NO APLICA | V39: 111971 | W39: NO APLICA | X39: 1 | Y39: 22:44 Sale de linea equipo CPW-07 por salida de MRU
A40: 46237 | B40: PUTN | C40: COSTAYACO | D40: COPOWER | E40: CUMMINS | F40: G101V | G40: 500 | H40: 360 | I40: 15228 | J40: 15231 | K40: 1007 | L40: 41.958333 | M40: 3 | N40: 21 | O40: 0 | P40: 0 | Q40: 24 | R40: 0 | S40: 0 | T40: DIESEL | U40: NO APLICA | V40: 70 | W40: NO APLICA | X40: 1 | Y40: 10:12hrs. Generador G101V ingresa a linea a solicitud de CCM por salida de generacion asociada a la MRU, 13:00hrs sale de linea a solicitud de CCM
A41: 46237 | B41: PUTN | C41: COSTAYACO | D41: COPOWER | E41: CUMMINS | F41: G102J | G41: 1000 | H41: 800 | I41: 3533 | J41: 3537 | K41: 2679 | L41: 111.625 | M41: 4 | N41: 20 | O41: 0 | P41: 0 | Q41: 24 | R41: 0 | S41: 0 | T41: DIESEL | U41: NO APLICA | V41: 188 | W41: NO APLICA | X41: 1 | Y41: 10:10hrs. Generador G102J ingresa a linea a solicitud de CCM por salida de generacion asociada a la MRU, 12:56hrs sale de linea a solicitud de CCM
A42: 46237 | B42: PUTN | C42: COSTAYACO | D42: COPOWER | E42: CUMMINS | F42: G102K | G42: 1000 | H42: 800 | I42: 2409 | J42: 2412 | K42: 2171 | L42: 90.458333 | M42: 3 | N42: 21 | O42: 0 | P42: 0 | Q42: 24 | R42: 0 | S42: 0 | T42: DIESEL | U42: NO APLICA | V42: 152 | W42: NO APLICA | X42: 1 | Y42: 10:10hrs. Generador G102k ingresa a linea a solicitud de CCM por salida de generacion asociada a la MRU, 12:56hrs sale de linea a solicitud de CCM
A43: 46237 | B43: PUTN | C43: VONU | D43: COPOWER | E43: JINAN | F43: JIN-01 | G43: 600 | H43: 350 | I43: 6433 | J43: 6445 | K43: 3969 | L43: 165.375 | M43: 12 | N43: 4 | O43: 8 | P43: 0 | Q43: 24 | R43: 0 | S43: 0 | T43: GAS | U43: NO APLICA | V43: 34927 | W43: NO APLICA | X43: 1 | Y43: 09:00 hrs. EQUIPO: Jinan-01, A solicitud de Copower, se inicia mantenimiento preventivo programado.----20:50 Ingresa en linea jinan 01 campo Vonu-----Sale de linea por vector Shift a la hora de evento salida de generacion por MRU
A44: 46237 | B44: PUTN | C44: VONU | D44: COPOWER | E44: JINAN | F44: JIN-02 | G44: 600 | H44: 350 | I44: 6343 | J44: 6356 | K44: 3307 | L44: 137.79167 | M44: 13 | N44: 11 | O44: 0 | P44: 0 | Q44: 24 | R44: 0 | S44: 0 | T44: GAS | U44: NO APLICA | V44: 29102 | W44: NO APLICA | X44: 1 | Y44: 09:20 hrs. A solicitud del CCM, sale de linea generador JINAN02 Por apertura de Reconectador R18, para realizar trabajo de tendido de fibra òptica por parte de la empresa de KFJ-------20:20 Ingresa en linea jinan 02 campo Vonu---- Sale de linea por vector Shift a la hora de evento salida de generacion por MRU
A45: 46237 | B45: PUTN | C45: COSTAYACO | D45: COPOWER | E45: JINAN | F45: CPW-10 | G45: 600 | H45: 450 | I45: 4391 | J45: 4399 | K45: 3079 | L45: 128.29167 | M45: 8 | N45: 16 | O45: 0 | P45: 0 | Q45: 24 | R45: 0 | S45: 0 | T45: GAS | U45: NO APLICA | V45: 27095 | W45: NO APLICA | X45: 1 | Y45: 07:37 hrs. EQUIPO: Jinan-10, A solicitud del CCM, entra en linea con suministro de gas Costayaco.----19:57 A solicitud del CCM. ingresa equipo CPW10 con gas CYC.----23:36 Sale de linea CPW 10 por naja presion de gas CYC 13 psi
A46: 46237 | B46: PUTN | C46: COSTAYACO | D46: COPOWER | E46: JINAN | F46: CPW-11 | G46: 600 | H46: 450 | I46: 564 | J46: 585 | K46: 7733 | L46: 322.20833 | M46: 21 | N46: 3 | O46: 0 | P46: 0 | Q46: 24 | R46: 0 | S46: 0 | T46: GAS | U46: NO APLICA | V46: 68050 | W46: NO APLICA | X46: 1 | Y46: 10:22 hrs. Generador CPW011 parada manual a solicitud de CCM por cambio de gas MRU a gas CYC, 10:29 hrs. Equipo ingresa en linea con gas CYC-----12:20 hrs. Generador CPW011 parada manual a solicitud de CCM por baja presion de gas CYC, 14:25 hrs. Ingresa a linea a solicitud CCM con gas MRU---14:27 hrs. EQUIPO: Jinan-11. A solicitud del CCM. Ingresa en linea con suministro de gas tratado.
A47: 46237 | B47: PUTN | C47: COSTAYACO | D47: COPOWER | E47: JINAN | F47: CPW-12 | G47: 600 | H47: 450 | I47: 651 | J47: 653 | K47: 712 | L47: 29.666667 | M47: 2 | N47: 22 | O47: 0 | P47: 0 | Q47: 24 | R47: 0 | S47: 0 | T47: GAS | U47: NO APLICA | V47: 6266 | W47: NO APLICA | X47: 1 | Y47: 22:47 Sale de linea CPW12 por baja presion de gas CYC15 psi
A48: 46238 | B48: PUTN | C48: COSTAYACO | D48: COPOWER | E48: J320 | F48: CPW-01 | G48: 1050 | H48: 700 | I48: 16283 | J48: 16299 | K48: 9540 | L48: 397.5 | M48: 16 | N48: 8 | O48: 0 | P48: 0 | Q48: 24 | R48: 0 | S48: 0 | T48: GAS | U48: NO APLICA | V48: 83952 | W48: NO APLICA | X48: 1 | Y48: 01:03 ingresa equipo CPW01 alineado con gas MRU,,,,08:41 hrs. Generador CPW01 parada manual a solicitud de CCM por mantenimiento programado a la MRU, 15:55 hrs. Equipo ingresa en linea con gas MRU---23:42 Sale de linea equipo CPW01 a peticion de operador de ccm
A49: 46238 | B49: PUTN | C49: COSTAYACO | D49: COPOWER | E49: J320 | F49: CPW-02 | G49: 1050 | H49: 700 | I49: 14057 | J49: 14064 | K49: 3647 | L49: 151.95833 | M49: 7 | N49: 17 | O49: 0 | P49: 0 | Q49: 24 | R49: 0 | S49: 0 | T49: GAS | U49: NO APLICA | V49: 32093.6 | W49: NO APLICA | X49: 1 | Y49: 0:44 Ingresa en linea equipo CPW02 alineado con gas moqueta 170 psi----3:00 Sale de linea equipo CpW 02 baja presion de gas MQT 120psi,,,10:28hrs. Generador CPW02 ingresa a linea a solicitud de CCM con gas MQT por estabilidad en la linea 172psi. 14:15 hrs. Sale de linea por estabilidad gas MQT 110PSI,,,
A50: 46238 | B50: PUTN | C50: COSTAYACO | D50: COPOWER | E50: J320 | F50: CPW-03 | G50: 1050 | H50: 700 | I50: 12530 | J50: 12546 | K50: 9642 | L50: 401.75 | M50: 16 | N50: 8 | O50: 0 | P50: 0 | Q50: 24 | R50: 0 | S50: 0 | T50: GAS | U50: NO APLICA | V50: 84849.6 | W50: NO APLICA | X50: 1 | Y50: 0:55 Ingresa equipo CPW03 alineado con gas MRU ---08:41 hrs. Generador CPW03 parada manual a solicitud de CCM por mantenimiento programado a la MRU, 15:57 hrs. Equipo ingresa en linea con gas MRU----23:45 Sale de linea equipo CPW03 a peticion de operador de ccm
A51: 46238 | B51: PUTN | C51: COSTAYACO | D51: COPOWER | E51: J420 | F51: CPW-04 | G51: 1300 | H51: 1040 | I51: 3968 | J51: 3992 | K51: 19289 | L51: 803.70833 | M51: 24 | N51: 0 | O51: 0 | P51: 0 | Q51: 24 | R51: 0 | S51: 0 | T51: GAS | U51: NO APLICA | V51: 169743.2 | W51: NO APLICA | X51: 1
A52: 46238 | B52: PUTN | C52: COSTAYACO | D52: COPOWER | E52: J420 | F52: CPW-05 | G52: 1300 | H52: 1040 | I52: 3960 | J52: 3984 | K52: 19341 | L52: 805.875 | M52: 24 | N52: 0 | O52: 0 | P52: 0 | Q52: 24 | R52: 0 | S52: 0 | T52: GAS | U52: NO APLICA | V52: 170200.8 | W52: NO APLICA | X52: 1
A53: 46238 | B53: PUTN | C53: COSTAYACO | D53: COPOWER | E53: J420 | F53: CPW-06 | G53: 1300 | H53: 1040 | I53: 2438 | J53: 2451 | K53: 10036 | L53: 418.16667 | M53: 13 | N53: 11 | O53: 0 | P53: 0 | Q53: 24 | R53: 0 | S53: 0 | T53: GAS | U53: NO APLICA | V53: 88316.8 | W53: NO APLICA | X53: 1 | Y53: 03:53 ingresa en linea equipo Cpw06 una vez estabiliza presion de gas MRU ,,,08:38 hrs. Generador CPW06 parada manual a solicitud de CCM por mantenimiento programado a la MRU, 16:32 hrs. Equipo ingresa en linea con gas MRU
A54: 46238 | B54: PUTN | C54: COSTAYACO | D54: COPOWER | E54: J320 | F54: CPW-07 | G54: 1050 | H54: 740 | I54: 1410 | J54: 1426 | K54: 8621 | L54: 359.20833 | M54: 16 | N54: 8 | O54: 0 | P54: 0 | Q54: 24 | R54: 0 | S54: 0 | T54: GAS | U54: NO APLICA | V54: 75864.8 | W54: NO APLICA | X54: 1 | Y54: 0:55 Ingresa equipo CPW07 alineado con gas MRU ,,,,08:37hrs. Generador CPW07 parada manual a solicitud de CCM por mantenimiento programado a la MRU, 16:05 hrs. Equipo ingresa en linea con gas MRU
A55: 46238 | B55: PUTN | C55: COSTAYACO | D55: COPOWER | E55: CUMMINS | F55: G101V | G55: 500 | H55: 360 | I55: 15231 | J55: 15233 | K55: 750 | L55: 31.25 | M55: 2 | N55: 22 | O55: 0 | P55: 0 | Q55: 24 | R55: 0 | S55: 0 | T55: DIESEL | U55: NO APLICA | V55: 53 | W55: NO APLICA | X55: 1 | Y55: 14:10hrs. Generador G101V ingresa a linea a solicitud de CCM , 16:19 hrs sale de linea a solicitud de CCM ,,,
A56: 46238 | B56: PUTN | C56: COSTAYACO | D56: COPOWER | E56: CUMMINS | F56: G102J | G56: 1000 | H56: 800 | I56: 3537 | J56: 3546 | K56: 6779 | L56: 282.45833 | M56: 9 | N56: 15 | O56: 0 | P56: 0 | Q56: 24 | R56: 0 | S56: 0 | T56: DIESEL | U56: NO APLICA | V56: 475 | W56: NO APLICA | X56: 1 | Y56: 08:34hrs. Generador G102J ingresa a linea a solicitud de CCM por mantenimiento programado a la MRU, 16:14 hrs sale de linea a solicitud de CCM ,,,
A57: 46238 | B57: PUTN | C57: COSTAYACO | D57: COPOWER | E57: CUMMINS | F57: G102K | G57: 1000 | H57: 800 | I57: 2412 | J57: 2420 | K57: 5930 | L57: 247.08333 | M57: 8 | N57: 16 | O57: 0 | P57: 0 | Q57: 24 | R57: 0 | S57: 0 | T57: DIESEL | U57: NO APLICA | V57: 415 | W57: NO APLICA | X57: 1 | Y57: 08:34hrs. Generador G102k ingresa a linea a solicitud de CCM por mantenimiento programado a la MRU, 16:14 hrs sale de linea a solicitud de CCM ,,,
A58: 46238 | B58: PUTN | C58: VONU | D58: COPOWER | E58: JINAN | F58: JIN-01 | G58: 600 | H58: 350 | I58: 6445 | J58: 6467 | K58: 7692 | L58: 320.5 | M58: 22 | N58: 2 | O58: 0 | P58: 0 | Q58: 24 | R58: 0 | S58: 0 | T58: GAS | U58: NO APLICA | V58: 67689.6 | W58: NO APLICA | X58: 1
A59: 46238 | B59: PUTN | C59: VONU | D59: COPOWER | E59: JINAN | F59: JIN-02 | G59: 600 | H59: 350 | I59: 6356 | J59: 6380 | K59: 9175 | L59: 382.29167 | M59: 24 | N59: 0 | O59: 0 | P59: 0 | Q59: 24 | R59: 0 | S59: 0 | T59: GAS | U59: NO APLICA | V59: 80740 | W59: NO APLICA | X59: 1
A60: 46238 | B60: PUTN | C60: COSTAYACO | D60: COPOWER | E60: JINAN | F60: CPW-10 | G60: 600 | H60: 450 | I60: 4399 | J60: 4417 | K60: 6472 | L60: 269.66667 | M60: 18 | N60: 6 | O60: 0 | P60: 0 | Q60: 24 | R60: 0 | S60: 0 | T60: GAS | U60: NO APLICA | V60: 56953.6 | W60: NO APLICA | X60: 1 | Y60: 05:50 Ingres en linea equipo CPW10 con gas CYC,,,
A61: 46238 | B61: PUTN | C61: COSTAYACO | D61: COPOWER | E61: JINAN | F61: CPW-11 | G61: 600 | H61: 450 | I61: 585 | J61: 595 | K61: 3362 | L61: 140.08333 | M61: 10 | N61: 14 | O61: 0 | P61: 0 | Q61: 24 | R61: 0 | S61: 0 | T61: GAS | U61: NO APLICA | V61: 29585.6 | W61: NO APLICA | X61: 1 | Y61: 7:01:00 p. m.ingresa en linea equipo cpw 11 con gas tratado MRU,,,09:01hrs. Generador CPW011 ingresa a linea a solicitud de CCM con gas CYC. 14:05 Parada manual por ingreso de la MRU----23:37 Sale de linea equipo CPW11 a peticion de operador de ccm
A62: 46238 | B62: PUTN | C62: COSTAYACO | D62: COPOWER | E62: JINAN | F62: CPW-12 | G62: 600 | H62: 450 | I62: 653 | J62: 658 | K62: 1657 | L62: 69.041667 | M62: 5 | N62: 19 | O62: 0 | P62: 0 | Q62: 24 | R62: 0 | S62: 0 | T62: GAS | U62: NO APLICA | V62: 14581.6 | W62: NO APLICA | X62: 1 | Y62: 09:22hrs. Generador CPW012 ingresa a linea a solicitud de CCM con gas CYC. 14:07 Parada manual por ingreso de la MRU,,,
A63: 46239 | B63: PUTN | C63: COSTAYACO | D63: COPOWER | E63: J320 | F63: CPW-01 | G63: 1050 | H63: 700 | I63: 16299 | J63: 16304 | K63: 2743 | L63: 114.29167 | M63: 5 | N63: 19 | O63: 0 | P63: 0 | Q63: 24 | R63: 19 | S63: 0 | T63: GAS | U63: NO APLICA | V63: 24138 | W63: NO APLICA | X63: 1 | Y63: 01:26 Ingresa en linea equipo CPW-01 con gas tratado MRU peticion operador de CCM 6:00 Sale de linea equipo cpw-01 a peticion del operador de ccm
A64: 46239 | B64: PUTN | C64: COSTAYACO | D64: COPOWER | E64: J320 | F64: CPW-02 | G64: 1050 | H64: 700 | I64: 14064 | J64: 14071 | K64: 4107 | L64: 171.125 | M64: 7 | N64: 17 | O64: 0 | P64: 0 | Q64: 24 | R64: 17 | S64: 0 | T64: GAS | U64: NO APLICA | V64: 36142 | W64: NO APLICA | X64: 1 | Y64: 01:48 Ingresa equipo cpw-02 con gas MQT para controlar presion 177 psi 3:37 Sale de linea el equipo cpw-02 a peticion del operador de ccm 15:47 a solicitud de ccm ingresa en linea equipo CPW02, alineado con gas MRU. 16:48 sale de linea por solicitud de ccm, a causa salida sistema de inyección. 20:29 hrs. Equipo CPW02. A solicitud del CCM, entra en linea con suministro de gas Moqueta. A las 23:15 pasa a operar con gas tratado.
A65: 46239 | B65: PUTN | C65: COSTAYACO | D65: COPOWER | E65: J320 | F65: CPW-03 | G65: 1050 | H65: 700 | I65: 12546 | J65: 12564 | K65: 10992 | L65: 458 | M65: 18 | N65: 6 | O65: 0 | P65: 0 | Q65: 24 | R65: 6 | S65: 0 | T65: GAS | U65: NO APLICA | V65: 96730 | W65: NO APLICA | X65: 1 | Y65: 2:55 Ingresa equipo cpw-03 con gas MRU a petion del operador de ccm 20:04 hrs. EQUIPO: CPW03, 06, 07 & 11, FDL por apagado de la MRU. Ingresa a als 23:10 hrs.
A66: 46239 | B66: PUTN | C66: COSTAYACO | D66: COPOWER | E66: J420 | F66: CPW-04 | G66: 1300 | H66: 1040 | I66: 3992 | J66: 4016 | K66: 18426 | L66: 767.75 | M66: 24 | N66: 0 | O66: 0 | P66: 0 | Q66: 24 | R66: 0 | S66: 0 | T66: GAS | U66: NO APLICA | V66: 162149 | W66: NO APLICA | X66: 1
A67: 46239 | B67: PUTN | C67: COSTAYACO | D67: COPOWER | E67: J420 | F67: CPW-05 | G67: 1300 | H67: 1040 | I67: 3984 | J67: 4008 | K67: 18357 | L67: 764.875 | M67: 24 | N67: 0 | O67: 0 | P67: 0 | Q67: 24 | R67: 0 | S67: 0 | T67: GAS | U67: NO APLICA | V67: 161542 | W67: NO APLICA | X67: 1
A68: 46239 | B68: PUTN | C68: COSTAYACO | D68: COPOWER | E68: J420 | F68: CPW-06 | G68: 1300 | H68: 1040 | I68: 2451 | J68: 2471 | K68: 15618 | L68: 650.75 | M68: 20 | N68: 4 | O68: 0 | P68: 0 | Q68: 24 | R68: 4 | S68: 0 | T68: GAS | U68: NO APLICA | V68: 137438 | W68: NO APLICA | X68: 1 | Y68: 20:04 hrs. EQUIPO: CPW03, 06, 07 & 11, FDL por apagado de la MRU. Ingresa a las 23:43 hrs.
A69: 46239 | B69: PUTN | C69: COSTAYACO | D69: COPOWER | E69: J320 | F69: CPW-07 | G69: 1050 | H69: 740 | I69: 1426 | J69: 1446 | K69: 11687 | L69: 486.95833 | M69: 20 | N69: 4 | O69: 0 | P69: 0 | Q69: 24 | R69: 4 | S69: 0 | T69: GAS | U69: NO APLICA | V69: 102846 | W69: NO APLICA | X69: 1 | Y69: 20:04 hrs. EQUIPO: CPW03, 06, 07 & 11, FDL por apagado de la MRU. Ingresa a las 23:46 hrs.
A70: 46239 | B70: PUTN | C70: COSTAYACO | D70: COPOWER | E70: CUMMINS | F70: G101V | G70: 500 | H70: 360 | I70: 15233 | J70: 15233 | K70: 0 | L70: 0 | M70: 0 | N70: 24 | O70: 0 | P70: 0 | Q70: 24 | R70: 0 | S70: 0 | T70: DIESEL | U70: NO APLICA | V70: 37 | W70: NO APLICA | X70: 1 | Y70: 20:10 hrs. A solicitud del CCM. por salida de la MRU. FDL a las 20:51 hrs.
A71: 46239 | B71: PUTN | C71: COSTAYACO | D71: COPOWER | E71: CUMMINS | F71: G102J | G71: 1000 | H71: 800 | I71: 3546 | J71: 3547 | K71: 535 | L71: 22.291667 | M71: 1 | N71: 23 | O71: 0 | P71: 0 | Q71: 24 | R71: 0 | S71: 0 | T71: DIESEL | U71: NO APLICA | V71: 15 | W71: NO APLICA | X71: 1 | Y71: 20:25 hrs. A solicitud del CCM. por salida de la MRU. FDL a las 20:49 hrs.
A72: 46239 | B72: PUTN | C72: COSTAYACO | D72: COPOWER | E72: CUMMINS | F72: G102K | G72: 1000 | H72: 800 | I72: 2420 | J72: 2420 | K72: 273 | L72: 11.375 | M72: 0 | N72: 24 | O72: 0 | P72: 0 | Q72: 24 | R72: 0 | S72: 0 | T72: DIESEL | U72: NO APLICA | V72: 0 | W72: NO APLICA | X72: 1
A73: 46239 | B73: PUTN | C73: VONU | D73: COPOWER | E73: JINAN | F73: JIN-01 | G73: 600 | H73: 350 | I73: 6467 | J73: 6474 | K73: 2437 | L73: 101.54167 | M73: 7 | N73: 17 | O73: 0 | P73: 0 | Q73: 24 | R73: 17 | S73: 0 | T73: GAS | U73: NO APLICA | V73: 21446 | W73: NO APLICA | X73: 1 | Y73: FDL desde la 10:30 del 04-08-2026 // 16:15 A solicitud del CCM, ingresa en linea equipo JINAN01 alineado con gas VONU
A74: 46239 | B74: PUTN | C74: VONU | D74: COPOWER | E74: JINAN | F74: JIN-02 | G74: 600 | H74: 350 | I74: 6380 | J74: 6404 | K74: 8373 | L74: 348.875 | M74: 24 | N74: 0 | O74: 0 | P74: 0 | Q74: 24 | R74: 0 | S74: 0 | T74: GAS | U74: NO APLICA | V74: 73682 | W74: NO APLICA | X74: 1
A75: 46239 | B75: PUTN | C75: COSTAYACO | D75: COPOWER | E75: JINAN | F75: CPW-10 | G75: 600 | H75: 450 | I75: 4417 | J75: 4420 | K75: 787 | L75: 32.791667 | M75: 3 | N75: 21 | O75: 0 | P75: 0 | Q75: 24 | R75: 21 | S75: 0 | T75: GAS | U75: NO APLICA | V75: 6926 | W75: NO APLICA | X75: 1 | Y75: 01:21Sale de linea jinan 10 por peticion de operador CCM 22:43 hrs. Ingresa en linea a solicitud del CCM equipo Jinan-10. FDL a las 23:48 hrs.
A76: 46239 | B76: PUTN | C76: COSTAYACO | D76: COPOWER | E76: JINAN | F76: CPW-11 | G76: 600 | H76: 450 | I76: 595 | J76: 611 | K76: 5705 | L76: 237.70833 | M76: 16 | N76: 8 | O76: 0 | P76: 0 | Q76: 24 | R76: 8 | S76: 0 | T76: GAS | U76: NO APLICA | V76: 50204 | W76: NO APLICA | X76: 1 | Y76: 4:00 Ingresa equipo jinan-11 con gas tratado MRU a peticion del operador dr ccm 20:04 hrs. EQUIPO: CPW03, 06, 07 & 11, FDL por apagado de la MRU
A77: 46239 | B77: PUTN | C77: COSTAYACO | D77: COPOWER | E77: JINAN | F77: CPW-12 | G77: 600 | H77: 450 | I77: 658 | J77: 658 | K77: 0 | L77: 0 | M77: 0 | N77: 24 | O77: 0 | P77: 0 | Q77: 24 | R77: 24 | S77: 0 | T77: GAS | U77: NO APLICA | V77: 0 | W77: NO APLICA | X77: 1
A78: 46240 | B78: PUTN | C78: COSTAYACO | D78: COPOWER | E78: J320 | F78: CPW-01 | G78: 1050 | H78: 700 | I78: 16304 | J78: 16324 | K78: 12332 | L78: 513.83333 | M78: 20 | N78: 4 | O78: 0 | P78: 0 | Q78: 24 | R78: 4 | S78: 0 | T78: GAS | U78: NO APLICA | V78: 108522 | W78: NO APLICA | X78: 1 | Y78: Equipo disponible desde el dia anterio. 04:28 hrs. En coordinacion con el CCM se hace rotacion de equipos, entra en linea el CPW-01, FDL equipo CPW-02, queda disponible con suministro de gas Moqueta
A79: 46240 | B79: PUTN | C79: COSTAYACO | D79: COPOWER | E79: J320 | F79: CPW-02 | G79: 1050 | H79: 700 | I79: 14071 | J79: 14092 | K79: 12638 | L79: 526.58333 | M79: 21 | N79: 3 | O79: 0 | P79: 0 | Q79: 24 | R79: 3 | S79: 0 | T79: GAS | U79: NO APLICA | V79: 111214 | W79: NO APLICA | X79: 1 | Y79: 04:28 hrs. En coordinacion con el CCM se hace rotacion de equipos, entra en linea el CPW-01, FDL equipo CPW-02, queda disponible con suministro de gas Moqueta 07:10 En coordinación de CCM ingresa en linea CPW02, alineado con gas MQT como respaldo de carga. por mantenimiento preventivo programado equipo CPW06. 08:32 En coordinación de CCM sale de linea CPW02, por caída de presión de gas MQT 110 psi. 09:38 En coordinación de CCM ingresa en linea Equipo CPW02, alineado con gas MOQUETA
A80: 46240 | B80: PUTN | C80: COSTAYACO | D80: COPOWER | E80: J320 | F80: CPW-03 | G80: 1050 | H80: 700 | I80: 12564 | J80: 12588 | K80: 14965 | L80: 623.54167 | M80: 24 | N80: 0 | O80: 0 | P80: 0 | Q80: 24 | R80: 0 | S80: 0 | T80: GAS | U80: NO APLICA | V80: 131692 | W80: NO APLICA | X80: 1
A81: 46240 | B81: PUTN | C81: COSTAYACO | D81: COPOWER | E81: J420 | F81: CPW-04 | G81: 1300 | H81: 1040 | I81: 4016 | J81: 4039 | K81: 18708 | L81: 779.5 | M81: 23 | N81: 1 | O81: 0 | P81: 0 | Q81: 24 | R81: 1 | S81: 0 | T81: GAS | U81: NO APLICA | V81: 164630 | W81: NO APLICA | X81: 1 | Y81: 15:07 sale de linea parada manual equipo cpw-04 por baja presión de gas MQT, 15:56 revisión y arranque manual del equipo, ingresa alineado con gas MQT.
A82: 46240 | B82: PUTN | C82: COSTAYACO | D82: COPOWER | E82: J420 | F82: CPW-05 | G82: 1300 | H82: 1040 | I82: 4008 | J82: 4026 | K82: 14592 | L82: 608 | M82: 18 | N82: 6 | O82: 0 | P82: 0 | Q82: 24 | R82: 6 | S82: 0 | T82: GAS | U82: NO APLICA | V82: 128410 | W82: NO APLICA | X82: 1 | Y82: 18:12 Horas. FDL eqipo cpw05, a solicitud del CCM, por baja presion en gas Moqueta. 110 PSI.
A83: 46240 | B83: PUTN | C83: COSTAYACO | D83: COPOWER | E83: J420 | F83: CPW-06 | G83: 1300 | H83: 1040 | I83: 2471 | J83: 2487 | K83: 12136 | L83: 505.66667 | M83: 16 | N83: 0 | O83: 8 | P83: 0 | Q83: 24 | R83: 0 | S83: 0 | T83: GAS | U83: NO APLICA | V83: 106797 | W83: NO APLICA | X83: 1 | Y83: 07:13 sale de linea equipo CPW06 parada manual por mantenimiento preventivo programado, como respaldo de carga ingresa CPW02. 16:02 ingresa en linea equipo cpw06 alineado con gas MOQUETA, se finaliza mantenimiento preventivo correctivo.
A84: 46240 | B84: PUTN | C84: COSTAYACO | D84: COPOWER | E84: J320 | F84: CPW-07 | G84: 1050 | H84: 740 | I84: 1446 | J84: 1470 | K84: 13880 | L84: 578.33333 | M84: 24 | N84: 0 | O84: 0 | P84: 0 | Q84: 24 | R84: 0 | S84: 0 | T84: GAS | U84: NO APLICA | V84: 122144 | W84: NO APLICA | X84: 1
A85: 46240 | B85: PUTN | C85: COSTAYACO | D85: COPOWER | E85: CUMMINS | F85: G101V | G85: 500 | H85: 360 | I85: 15233 | J85: 15233 | K85: 0 | L85: 0 | M85: 0 | N85: 24 | O85: 0 | P85: 0 | Q85: 24 | R85: 0 | S85: 0 | T85: DIESEL | U85: NO APLICA | V85: 0 | W85: NO APLICA | X85: 1
A86: 46240 | B86: PUTN | C86: COSTAYACO | D86: COPOWER | E86: CUMMINS | F86: G102J | G86: 1000 | H86: 800 | I86: 3547 | J86: 3547 | K86: 0 | L86: 0 | M86: 0 | N86: 24 | O86: 0 | P86: 0 | Q86: 24 | R86: 0 | S86: 0 | T86: DIESEL | U86: NO APLICA | V86: 0 | W86: NO APLICA | X86: 1
A87: 46240 | B87: PUTN | C87: COSTAYACO | D87: COPOWER | E87: CUMMINS | F87: G102K | G87: 1000 | H87: 800 | I87: 2420 | J87: 2420 | K87: 0 | L87: 0 | M87: 0 | N87: 24 | O87: 0 | P87: 0 | Q87: 24 | R87: 0 | S87: 0 | T87: DIESEL | U87: NO APLICA | V87: 0 | W87: NO APLICA | X87: 1
A88: 46240 | B88: PUTN | C88: VONU | D88: COPOWER | E88: JINAN | F88: JIN-01 | G88: 600 | H88: 350 | I88: 6474 | J88: 6498 | K88: 8397 | L88: 349.875 | M88: 24 | N88: 0 | O88: 0 | P88: 0 | Q88: 24 | R88: 0 | S88: 0 | T88: GAS | U88: NO APLICA | V88: 73894 | W88: NO APLICA | X88: 1
A89: 46240 | B89: PUTN | C89: VONU | D89: COPOWER | E89: JINAN | F89: JIN-02 | G89: 600 | H89: 350 | I89: 6404 | J89: 6428 | K89: 8398 | L89: 349.91667 | M89: 24 | N89: 0 | O89: 0 | P89: 0 | Q89: 24 | R89: 0 | S89: 0 | T89: GAS | U89: NO APLICA | V89: 73902 | W89: NO APLICA | X89: 1
A90: 46240 | B90: PUTN | C90: COSTAYACO | D90: COPOWER | E90: JINAN | F90: CPW-10 | G90: 600 | H90: 450 | I90: 4420 | J90: 4420 | K90: 0 | L90: 0 | M90: 0 | N90: 24 | O90: 0 | P90: 0 | Q90: 24 | R90: 24 | S90: 0 | T90: GAS | U90: NO APLICA | V90: 0 | W90: NO APLICA | X90: 1 | Y90: Equipo disponible desde el dia anterior Equipo Jinan-10 Disponible por baja presion en gas Costayaco
A91: 46240 | B91: PUTN | C91: COSTAYACO | D91: COPOWER | E91: JINAN | F91: CPW-11 | G91: 600 | H91: 450 | I91: 611 | J91: 623 | K91: 4672 | L91: 194.66667 | M91: 12 | N91: 12 | O91: 0 | P91: 0 | Q91: 24 | R91: 12 | S91: 0 | T91: GAS | U91: NO APLICA | V91: 41114 | W91: NO APLICA | X91: 1 | Y91: Equipo disponible desde el dia anterior 11:32 A solicitud de CCM ingresa en linea equipo CPW011, alineado con gas tratado MRU.
A92: 46240 | B92: PUTN | C92: COSTAYACO | D92: COPOWER | E92: JINAN | F92: CPW-12 | G92: 600 | H92: 450 | I92: 658 | J92: 658 | K92: 0 | L92: 0 | M92: 0 | N92: 24 | O92: 0 | P92: 0 | Q92: 24 | R92: 24 | S92: 0 | T92: GAS | U92: NO APLICA | V92: 0 | W92: NO APLICA | X92: 1 | Y92: Equipo disponible desde el dia anterior Equipo Jinan-12 Disponible por bajo suministro en gas tratado MRU
A93: 46241 | B93: PUTN | C93: COSTAYACO | D93: COPOWER | E93: J320 | F93: CPW-01 | G93: 1050 | H93: 700 | I93: 16324 | J93: 16341 | K93: 10328 | L93: 430.33333 | M93: 17 | N93: 7 | O93: 0 | P93: 0 | Q93: 24 | R93: 7 | S93: 0 | T93: GAS | U93: NO APLICA | V93: 90886 | W93: NO APLICA | X93: 1 | Y93: 06:40 A solocitud de CCM Sale de linea equipo CPW01 por apagado de MRU por cambio de filtro presión aceite Quincy en 78 psig, a 4 del disparo. 09.35 A solicitud de CCM, ingresa en linea equipo CPW-01 alineado con gas MRU. 14:23 sale de linea equipo CPW01 por sd alta temperatura en cilindro 19, 14:49 equipo ingres en linea alineado con gas MRU. 17:17 hrs. FDL Equipo CPW01, por apagado de la MRU, ingresa a las 20:21 hrs
A94: 46241 | B94: PUTN | C94: COSTAYACO | D94: COPOWER | E94: J320 | F94: CPW-02 | G94: 1050 | H94: 700 | I94: 14092 | J94: 14110 | K94: 11921 | L94: 496.70833 | M94: 18 | N94: 6 | O94: 0 | P94: 0 | Q94: 24 | R94: 6 | S94: 0 | T94: GAS | U94: NO APLICA | V94: 104905 | W94: NO APLICA | X94: 1 | Y94: 06:41 A solocitud de CCM Sale de linea equipo CPW02 por apagado de MRU por cambio de filtro presión aceite Quincy en 78 psig, a 4 del disparo. 09:32 A solicitud de CCM, ingresa en linea equipo CPW-02 alineado con gas MRU. 17:17 hrs. FDL Equipo CPW02, por apagado de la MRU, ingresa a las 20:18 hrs
A95: 46241 | B95: PUTN | C95: COSTAYACO | D95: COPOWER | E95: J320 | F95: CPW-03 | G95: 1050 | H95: 700 | I95: 12588 | J95: 12599 | K95: 6904 | L95: 287.66667 | M95: 11 | N95: 6 | O95: 7 | P95: 0 | Q95: 24 | R95: 6 | S95: 0 | T95: GAS | U95: NO APLICA | V95: 60755 | W95: NO APLICA | X95: 1 | Y95: 06:43 A solocitud de CCM Sale de linea equipo CPW03 por apagado de MRU por cambio de filtro presión aceite Quincy en 78 psig, a 4 del disparo. 17:03 Equipo CPW03 ingresa en linea se finalizo mantenimiento preventivo, 17:17 sale de linea por protección apagado de MRU. 17:17 hrs. FDL Equipo CPW03, por apagado de la MRU, ingresa a las 20:14 hrs
A96: 46241 | B96: PUTN | C96: COSTAYACO | D96: COPOWER | E96: J420 | F96: CPW-04 | G96: 1300 | H96: 1040 | I96: 4039 | J96: 4063 | K96: 17671 | L96: 736.29167 | M96: 24 | N96: 0 | O96: 0 | P96: 0 | Q96: 24 | R96: 0 | S96: 0 | T96: GAS | U96: NO APLICA | V96: 155505 | W96: NO APLICA | X96: 1 | Y96: 12:48 Sale de linea equipo CPW04 por detonación, 12:58 Equipo ingresa en linea.
A97: 46241 | B97: PUTN | C97: COSTAYACO | D97: COPOWER | E97: J420 | F97: CPW-05 | G97: 1300 | H97: 1040 | I97: 4026 | J97: 4044 | K97: 13100 | L97: 545.83333 | M97: 18 | N97: 6 | O97: 0 | P97: 0 | Q97: 24 | R97: 6 | S97: 0 | T97: GAS | U97: NO APLICA | V97: 115280 | W97: NO APLICA | X97: 1 | Y97: 01:00 hrs. EQUIPO: CPW05, Ingresa en linea a solicitud del CCM, por estabilidad en gas Moqueta 160 PSI. 03:50 EQUIPO: CPW05, FDL, a solicitud del CCM, por baja presion en gas Moqueta 105 PSI. 09:09 A solicitud de CCM, ingresa en linea equipo CPW-05 alineado con gas MQT
A98: 46241 | B98: PUTN | C98: COSTAYACO | D98: COPOWER | E98: J420 | F98: CPW-06 | G98: 1300 | H98: 1040 | I98: 2487 | J98: 2506 | K98: 14705 | L98: 612.70833 | M98: 19 | N98: 5 | O98: 0 | P98: 0 | Q98: 24 | R98: 5 | S98: 0 | T98: GAS | U98: NO APLICA | V98: 129404 | W98: NO APLICA | X98: 1 | Y98: 11:34 Sale de linea equipo CPW06 parada manual, por baja presión de gas MQT. 14:01 A solicitud de CCM, ingresa en linea equipo CPW-06 alineado con gas MQT. 18:12 hrs. FDL Equipo CPW06, por baja presion de gas Moqueta 100 PSI, ingresa en linea a las 20:47 hrs
A99: 46241 | B99: PUTN | C99: COSTAYACO | D99: COPOWER | E99: J320 | F99: CPW-07 | G99: 1050 | H99: 740 | I99: 1470 | J99: 1488 | K99: 11066 | L99: 461.08333 | M99: 18 | N99: 6 | O99: 0 | P99: 0 | Q99: 24 | R99: 6 | S99: 0 | T99: GAS | U99: NO APLICA | V99: 97381 | W99: NO APLICA | X99: 1 | Y99: 06:46 A solocitud de CCM Sale de linea equipo CPW07 por apagado de MRU por cambio de filtro presión aceite Quincy en 78 psig, a 4 del disparo. 09:29 A solicitud de CCM, ingresa en linea equipo CPW-07 alineado con gas MRU. 10:35 Sale de linea equipo CPW07 por detonación, se informo a ccm antes de salir de linea que equipos gas MRU y gas MQT, presentan altas vibraciones KNOCK. 10:50 equipo ingresa en linea con gas MRU. 17:17 hrs. FDL Equipo CPW07, por apagado de la MRU, ingresa a las 20:15 hrs
A100: 46241 | B100: PUTN | C100: COSTAYACO | D100: COPOWER | E100: CUMMINS | F100: G101V | G100: 500 | H100: 360 | I100: 15233 | J100: 15235 | K100: 925 | L100: 38.541667 | M100: 2 | N100: 22 | O100: 0 | P100: 0 | Q100: 24 | R100: 0 | S100: 0 | T100: DIESEL | U100: NO APLICA | V100: 65 | W100: NO APLICA | X100: 1 | Y100: 17:55 Ingresa en linea equipo Diesel G101V como respaldo de carga, por salida equipos por apagado MRU. FDL a las 20:45 hrs.
A101: 46241 | B101: PUTN | C101: COSTAYACO | D101: COPOWER | E101: CUMMINS | F101: G102J | G101: 1000 | H101: 800 | I101: 3547 | J101: 3554 | K101: 5432 | L101: 226.33333 | M101: 7 | N101: 17 | O101: 0 | P101: 0 | Q101: 24 | R101: 0 | S101: 0 | T101: DIESEL | U101: NO APLICA | V101: 380 | W101: NO APLICA | X101: 1 | Y101: 06:34 A solocitud de CCM Ingresa en linea equipos DIESEL G102J, como respaldo de carga. 10:24 A solicitud de CCM sale de linea parada manual equipo Diesel G102J. 17:30 Ingresa en linea equipo Diesel G102J como respaldo de carga. por salida equipos por apagado MRU. FDL a als 20:50 hrs
...

Sheet Hoja1
A2: Tipo de combustible Primario | B2: (Todas) | C2: Horas Totales Junio | D2: 744 | N2: Tiempo medio falla | O2: Tiempo medio Reparación
L3: #VALUE!
A4: Etiquetas de fila | B4: Suma de Horas Operacion | C4: Suma de Horas StandBy | D4: Suma de Numero de fallas | E4: Suma de Horas MMT Preventivo | F4: Suma de Horas MMT Correctivo | G4: Suma de total horas | H4: Suma de KWH generados | I4: Suma de Horas Paradas Externas | J4: Suma de Consumo de combustible Primario | K4: Promedio de KWH generados2 | L4: Calculo de disponibilidad utilizando horas operacionales y de standby | M4: Confiabilidad | N4: MTBF | O4: MTTR | P4: DISPONIBILIDAD TENIENDO ENCUENTA MMT PREVENTIVOS Y MMT CORRECTIVOS
A5: CPW-01 | B5: 465 | C5: 57 | D5: 0 | E5: 6 | F5: 0 | G5: 528 | H5: 292328 | I5: 43 | J5: 2572487.2 | K5: 13287.636 | L5: =(SUM(B5:C5)/GETPIVOTDATA("Suma de total horas",$A$4,"TAG de la unidad",A5)) -> 0.98863636 | M5: =IFERROR(EXP((-1/N5)*1.6),1) -> 1 | N5: =IFERROR(((G5-E5-F5-C5)/D5),0) -> 0 | O5: =IFERROR(F5/D5,0) -> 0 | P5: =((G5-(E5+F5))/G5) -> 0.98863636
A6: CPW-02 | B6: 386 | C6: 142 | D6: 0 | E6: 0 | F6: 0 | G6: 528 | H6: 243012 | I6: 38 | J6: 2138505.6 | K6: 11046 | L6: =(SUM(B6:C6)/GETPIVOTDATA("Suma de total horas",$A$4,"TAG de la unidad",A6)) -> 1 | M6: =IFERROR(EXP((-1/N6)*1.6),1) -> 1 | N6: =IFERROR(((G6-E6-F6-C6)/D6),0) -> 0 | O6: =IFERROR(F6/D6,0) -> 0 | P6: =((G6-(E6+F6))/G6) -> 1
A7: CPW-03 | B7: 459 | C7: 62 | D7: 0 | E7: 7 | F7: 0 | G7: 528 | H7: 287674 | I7: 24 | J7: 2531532.6 | K7: 13076.091 | L7: =(SUM(B7:C7)/GETPIVOTDATA("Suma de total horas",$A$4,"TAG de la unidad",A7)) -> 0.98674242 | M7: =IFERROR(EXP((-1/N7)*1.6),1) -> 1 | N7: =IFERROR(((G7-E7-F7-C7)/D7),0) -> 0 | O7: =IFERROR(F7/D7,0) -> 0 | P7: =((G7-(E7+F7))/G7) -> 0.98674242
A8: CPW-04 | B8: 453 | C8: 75 | D8: 0 | E8: 0 | F8: 0 | G8: 528 | H8: 342171 | I8: 5 | J8: 3011104.8 | K8: 15553.227 | L8: =(SUM(B8:C8)/GETPIVOTDATA("Suma de total horas",$A$4,"TAG de la unidad",A8)) -> 1 | M8: =IFERROR(EXP((-1/N8)*1.6),1) -> 1 | N8: =IFERROR(((G8-E8-F8-C8)/D8),0) -> 0 | O8: =IFERROR(F8/D8,0) -> 0 | P8: =((G8-(E8+F8))/G8) -> 1
A9: CPW-05 | B9: 474 | C9: 54 | D9: 0 | E9: 0 | F9: 0 | G9: 528 | H9: 366816 | I9: 14 | J9: 3227981.4 | K9: 16673.455 | L9: =(SUM(B9:C9)/GETPIVOTDATA("Suma de total horas",$A$4,"TAG de la unidad",A9)) -> 1 | M9: =IFERROR(EXP((-1/N9)*1.6),1) -> 1 | N9: =IFERROR(((G9-E9-F9-C9)/D9),0) -> 0 | O9: =IFERROR(F9/D9,0) -> 0 | P9: =((G9-(E9+F9))/G9) -> 1
A10: CPW-06 | B10: 441 | C10: 79 | D10: 0 | E10: 8 | F10: 0 | G10: 528 | H10: 338404 | I10: 41 | J10: 2977955.2 | K10: 15382 | L10: =(SUM(B10:C10)/GETPIVOTDATA("Suma de total horas",$A$4,"TAG de la unidad",A10)) -> 0.98484848 | M10: =IFERROR(EXP((-1/N10)*1.6),1) -> 1 | N10: =IFERROR(((G10-E10-F10-C10)/D10),0) -> 0 | O10: =IFERROR(F10/D10,0) -> 0 | P10: =((G10-(E10+F10))/G10) -> 0.98484848
A11: CPW-07 | B11: 480 | C11: 42 | D11: 0 | E11: 6 | F11: 0 | G11: 528 | H11: 284496 | I11: 21 | J11: 2503564.8 | K11: 12931.636 | L11: =(SUM(B11:C11)/GETPIVOTDATA("Suma de total horas",$A$4,"TAG de la unidad",A11)) -> 0.98863636 | M11: =IFERROR(EXP((-1/N11)*1.6),1) -> 1 | N11: =IFERROR(((G11-E11-F11-C11)/D11),0) -> 0 | O11: =IFERROR(F11/D11,0) -> 0 | P11: =((G11-(E11+F11))/G11) -> 0.98863636
A12: CPW-10 | B12: 392 | C12: 128 | D12: 0 | E12: 8 | F12: 0 | G12: 528 | H12: 143331 | I12: 54 | J12: 1261312.2 | K12: 6515.0455 | L12: =(SUM(B12:C12)/GETPIVOTDATA("Suma de total horas",$A$4,"TAG de la unidad",A12)) -> 0.98484848 | M12: =IFERROR(EXP((-1/N12)*1.6),1) -> 1 | N12: =IFERROR(((G12-E12-F12-C12)/D12),0) -> 0 | O12: =IFERROR(F12/D12,0) -> 0 | P12: =((G12-(E12+F12))/G12) -> 0.98484848
A13: CPW-11 | B13: 456 | C13: 65 | D13: 0 | E13: 7 | F13: 0 | G13: 528 | H13: 166590 | I13: 39 | J13: 1465987.4 | K13: 7572.2727 | L13: =(SUM(B13:C13)/GETPIVOTDATA("Suma de total horas",$A$4,"TAG de la unidad",A13)) -> 0.98674242 | M13: =IFERROR(EXP((-1/N13)*1.6),1) -> 1 | N13: =IFERROR(((G13-E13-F13-C13)/D13),0) -> 0 | O13: =IFERROR(F13/D13,0) -> 0 | P13: =((G13-(E13+F13))/G13) -> 0.98674242
A14: CPW-12 | B14: 295 | C14: 225 | D14: 0 | E14: 8 | F14: 0 | G14: 528 | H14: 104796 | I14: 78 | J14: 922206 | K14: 4763.4545 | L14: =(SUM(B14:C14)/GETPIVOTDATA("Suma de total horas",$A$4,"TAG de la unidad",A14)) -> 0.98484848 | M14: =IFERROR(EXP((-1/N14)*1.6),1) -> 1 | N14: =IFERROR(((G14-E14-F14-C14)/D14),0) -> 0 | O14: =IFERROR(F14/D14,0) -> 0 | P14: =((G14-(E14+F14))/G14) -> 0.98484848
A15: G101V | B15: 110 | C15: 418 | D15: 0 | E15: 0 | F15: 0 | G15: 528 | H15: 38427 | I15: 0 | J15: 2123 | K15: 1746.6818 | L15: =(SUM(B15:C15)/GETPIVOTDATA("Suma de total horas",$A$4,"TAG de la unidad",A15)) -> 1 | M15: =IFERROR(EXP((-1/N15)*1.6),1) -> 1 | N15: =IFERROR(((G15-E15-F15-C15)/D15),0) -> 0 | O15: =IFERROR(F15/D15,0) -> 0 | P15: =((G15-(E15+F15))/G15) -> 1
A16: G102J | B16: 110 | C16: 418 | D16: 0 | E16: 0 | F16: 0 | G16: 528 | H16: 85209 | I16: 0 | J16: 5294 | K16: 3873.1364 | L16: =(SUM(B16:C16)/GETPIVOTDATA("Suma de total horas",$A$4,"TAG de la unidad",A16)) -> 1 | M16: =IFERROR(EXP((-1/N16)*1.6),1) -> 1 | N16: =IFERROR(((G16-E16-F16-C16)/D16),0) -> 0 | O16: =IFERROR(F16/D16,0) -> 0 | P16: =((G16-(E16+F16))/G16) -> 1
... A19: JIN-02 | B19: 508 | C19: 13 | D19: 0 | E19: 7 | F19: 0 | G19: 528 | H19: 175295 | I19: 0 | J19: 1542596.2 | K19: 7967.9545 | L19: =(SUM(B19:C19)/GETPIVOTDATA("Suma de total horas",$A$4,"TAG de la unidad",A19)) -> 0.98674242 | M19: =IFERROR(EXP((-1/N19)*1.6),1) -> 1 | N19: =IFERROR(((G19-E19-F19-C19)/D19),0) -> 0 | O19: =IFERROR(F19/D19,0) -> 0 | P19: =((G19-(E19+F19))/G19) -> 0.98674242
A20: Total general | B20: 5638 | C20: 2209 | D20: 0 | E20: 73 | F20: 0 | G20: 7920 | H20: 3135033 | I20: 374 | J20: 25707371 | K20: 9500.1 | M20: =IFERROR(EXP((-1/N20)*1.6),1) -> 1 | N20: =IFERROR(((G20-E20-F20-C20)/D20),0) -> 0 | O20: =IFERROR(F20/D20,0) -> 0
E22: =SUM(B5:C5)/GETPIVOTDATA("Suma de total horas",$A$4,"TAG de la unidad","CPW-01") -> 0.98863636
E23: =SUM(B6:C6)/GETPIVOTDATA("Suma de total horas",$A$4,"TAG de la unidad","CPW-01") -> 1
B24: =GETPIVOTDATA("Suma de Horas Operacion ",$A$4)/GETPIVOTDATA("Suma de total horas",$A$4) -> 0.71186869 | E24: =SUM(B7:C7)/GETPIVOTDATA("Suma de total horas",$A$4,"TAG de la unidad","CPW-01") -> 0.98674242 | K24: promedio
B25: =GETPIVOTDATA("Suma de Horas StandBy",$A$4)/GETPIVOTDATA("Suma de total horas",$A$4) -> 0.27891414 | E25: =SUM(B8:C8)/GETPIVOTDATA("Suma de total horas",$A$4,"TAG de la unidad","CPW-01") -> 1
B26: =GETPIVOTDATA("Suma de Horas MMT Preventivo",$A$4)/GETPIVOTDATA("Suma de total horas",$A$4) -> 0.0092171717

Sheet Dashboard
A1: 📊 DASHBOARD DE GENERACIÓN - INDICADORES OPERATIVOS | JULIO 2026
A3: 🔑 KPIs BÁSICOS OPERATIVOS | H3: ⚙️ KPIs AVANZADOS DE CONFIABILIDAD | R3: 📋 RESUMEN EJECUTIVO - MAYO 2026
A5: Total KWH | B5: Horas Operación | C5: Horas StandBy | D5: Disponibilidad (%) | E5: Total Fallas | F5: Hrs MMT Total | H5: MTBF (Hrs) | I5: MTTR (Hrs) | J5: Confiabilidad (%) | K5: Indisponibilidad (%) | L5: % Unid. c/Fallas | R5: 🔍 PANORAMA GENERAL
A6: =Hoja1!H19 -> 175295 | B6: =Hoja1!B19 -> 508 | C6: =Hoja1!C19 -> 13 | D6: =Hoja1!B20/Hoja1!G20 -> 0.71186869 | E6: =Hoja1!D19 -> 0 | F6: =Hoja1!F19 -> 0 | H6: =(GETPIVOTDATA("Suma de total horas",Hoja1!$A$4)-GETPIVOTDATA("Suma de Horas StandBy",Hoja1!$A$4)-GETPIVOTDATA("Suma de Horas MMT Preventivo",Hoja1!$A$4)-GETPIVOTDATA("Suma de Horas MMT Correctivo",Hoja1!$A$4))/GETPIVOTDATA("Suma de Numero de fallas",Hoja1!$A$4) -> #DIV/0! | I6: =IF(Hoja1!D19>0,Hoja1!F19/Hoja1!D19,"N/A") -> N/A | J6: =COUNTIF(Hoja1!D5:D19,0)/COUNT(Hoja1!D5:D19) -> 1 | K6: =1-D6 -> 0.28813131 | L6: =COUNTIF(Hoja1!D5:D20,">0")/COUNT(Hoja1!D5:D20) -> 0 | R6: • Período: Mayo 2026 (31 días)
R7: • Flota: 16 unidades de generación
A8: 📋 INDICADORES POR UNIDAD | K8: 📊 RESUMEN POR TIPO DE UNIDAD | R8: • Generación total: 4,056,740 KWH
R9: • Disponibilidad global: 57.3%
A10: Unidad | B10: KWH Generados | C10: Hrs Operación | D10: Hrs StandBy | E10: Disponibilidad | F10: Fallas | G10: Hrs MMT Prev | H10: Hrs MMT Corr | I10: % del Total KWH | K10: Tipo Unidad | L10: Cantidad | M10: KWH Total | N10: Hrs Op Total | O10: Disp. Prom | P10: % Generación
A11: =Hoja1!A5 -> CPW-01 | B11: =Hoja1!H5 -> 292328 | C11: =Hoja1!B5 -> 465 | D11: =Hoja1!C5 -> 57 | E11: =Hoja1!L5 -> 0.98863636 | F11: =Hoja1!D5 -> 0 | G11: =Hoja1!E5 -> 6 | H11: =Hoja1!F5 -> 0 | I11: =Hoja1!H5/Hoja1!$H$20 -> 0.093245589 | K11: CPW (J320/J420) | L11: =COUNTIF(Hoja1!A5:A22,"CPW*") -> 10 | M11: =SUMIF(Hoja1!A5:A22,"CPW*",Hoja1!H5:H22) -> 2569618 | N11: =SUMIF(Hoja1!A5:A22,"CPW*",Hoja1!B5:B22) -> 4301 | O11: =SUMIF(Hoja1!A5:A22,"CPW*",Hoja1!B5:B22)/SUMIF(Hoja1!A5:A22,"CPW*",Hoja1!G5:G22) -> 0.81458333 | P11: =M11/Hoja1!$H$20 -> 0.81964624 | R11: 🎯 HALLAZGOS CLAVE
A12: =Hoja1!A6 -> CPW-02 | B12: =Hoja1!H6 -> 243012 | C12: =Hoja1!B6 -> 386 | D12: =Hoja1!C6 -> 142 | E12: =Hoja1!L6 -> 1 | F12: =Hoja1!D6 -> 0 | G12: =Hoja1!E6 -> 0 | H12: =Hoja1!F6 -> 0 | I12: =Hoja1!H6/Hoja1!$H$20 -> 0.077514974 | K12: CUMMINS (G10x) | L12: =COUNTIF(Hoja1!A6:A23,"G10*") -> 3 | M12: =SUMIF(Hoja1!A6:A22,"G10*",Hoja1!H6:H22) -> 215166 | N12: =SUMIF(Hoja1!A6:A22,"G10*",Hoja1!B6:B22) -> 340 | O12: =SUMIF(Hoja1!A6:A22,"G10*",Hoja1!B6:B22)/SUMIF(Hoja1!A6:A22,"G10*",Hoja1!G6:G22) -> 0.21464646 | P12: =M12/Hoja1!$H$20 -> 0.06863277
A13: =Hoja1!A7 -> CPW-03 | B13: =Hoja1!H7 -> 287674 | C13: =Hoja1!B7 -> 459 | D13: =Hoja1!C7 -> 62 | E13: =Hoja1!L7 -> 0.98674242 | F13: =Hoja1!D7 -> 0 | G13: =Hoja1!E7 -> 7 | H13: =Hoja1!F7 -> 0 | I13: =Hoja1!H7/Hoja1!$H$20 -> 0.091761076 | K13: JINAN (JIN) | L13: =COUNTIF(Hoja1!A7:A24,"JIN*") -> 2 | M13: =SUMIF(Hoja1!A7:A24,"JIN*",Hoja1!H7:H24) -> 350249 | N13: =SUMIF(Hoja1!A7:A24,"JIN*",Hoja1!B7:B24) -> 997 | O13: =SUMIF(Hoja1!A7:A24,"JIN*",Hoja1!B7:B24)/SUMIF(Hoja1!A7:A24,"JIN*",Hoja1!G7:G24) -> 0.94412879 | P13: =M13/Hoja1!$H$20 -> 0.11172099 | R13: ✅ FORTALEZAS:
A14: =Hoja1!A8 -> CPW-04 | B14: =Hoja1!H8 -> 342171 | C14: =Hoja1!B8 -> 453 | D14: =Hoja1!C8 -> 75 | E14: =Hoja1!L8 -> 1 | F14: =Hoja1!D8 -> 0 | G14: =Hoja1!E8 -> 0 | H14: =Hoja1!F8 -> 0 | I14: =Hoja1!H8/Hoja1!$H$20 -> 0.10914431 | K14: TOTAL | L14: =SUM(L11:L13) -> 15 | M14: =SUM(M11:M13) -> 3135033 | N14: =SUM(N11:N13) -> 5638 | O14: =AVERAGE(O11:O13) -> 0.6577862 | P14: =SUM(P11:P13) -> 1 | R14: • CPW aporta ~79% de la generación
A15: =Hoja1!A9 -> CPW-05 | B15: =Hoja1!H9 -> 366816 | C15: =Hoja1!B9 -> 474 | D15: =Hoja1!C9 -> 54 | E15: =Hoja1!L9 -> 1 | F15: =Hoja1!D9 -> 0 | G15: =Hoja1!E9 -> 0 | H15: =Hoja1!F9 -> 0 | I15: =Hoja1!H9/Hoja1!$H$20 -> 0.11700547 | R15: • 81% unidades sin fallas (13/16)
A16: =Hoja1!A10 -> CPW-06 | B16: =Hoja1!H10 -> 338404 | C16: =Hoja1!B10 -> 441 | D16: =Hoja1!C10 -> 79 | E16: =Hoja1!L10 -> 0.98484848 | F16: =Hoja1!D10 -> 0 | G16: =Hoja1!E10 -> 8 | H16: =Hoja1!F10 -> 0 | I16: =Hoja1!H10/Hoja1!$H$20 -> 0.10794272 | K16: 📍 RESUMEN POR CAMPO | R16: • MTBF excelente: 2,141 hrs
A17: =Hoja1!A11 -> CPW-07 | B17: =Hoja1!H11 -> 284496 | C17: =Hoja1!B11 -> 480 | D17: =Hoja1!C11 -> 42 | E17: =Hoja1!L11 -> 0.98863636 | F17: =Hoja1!D11 -> 0 | G17: =Hoja1!E11 -> 6 | H17: =Hoja1!F11 -> 0 | I17: =Hoja1!H11/Hoja1!$H$20 -> 0.09074737
A18: =Hoja1!A12 -> CPW-10 | B18: =Hoja1!H12 -> 143331 | C18: =Hoja1!B12 -> 392 | D18: =Hoja1!C12 -> 128 | E18: =Hoja1!L12 -> 0.98484848 | F18: =Hoja1!D12 -> 0 | G18: =Hoja1!E12 -> 8 | H18: =Hoja1!F12 -> 0 | I18: =Hoja1!H12/Hoja1!$H$20 -> 0.045719136 | K18: Campo | L18: KWH Total | M18: Hrs Operación | N18: Fallas | O18: Disponibilidad | R18: ⚠️ ÁREAS DE MEJORA:
A19: =Hoja1!A13 -> CPW-11 | B19: =Hoja1!H13 -> 166590 | C19: =Hoja1!B13 -> 456 | D19: =Hoja1!C13 -> 65 | E19: =Hoja1!L13 -> 0.98674242 | F19: =Hoja1!D13 -> 0 | G19: =Hoja1!E13 -> 7 | H19: =Hoja1!F13 -> 0 | I19: =Hoja1!H13/Hoja1!$H$20 -> 0.053138197 | K19: COSTAYACO | L19: =SUMIF('REPORTE DIARIO DE OPERACIONES'!C:C,"COSTAYACO",'REPORTE DIARIO DE OPERACIONES'!K:K) -> 2784784 | M19: =SUMIF('REPORTE DIARIO DE OPERACIONES'!C:C,"COSTAYACO",'REPORTE DIARIO DE OPERACIONES'!M:M) -> 4641 | N19: =SUMIF('REPORTE DIARIO DE OPERACIONES'!C:C,"COSTAYACO",'REPORTE DIARIO DE OPERACIONES'!S:S) -> 0 | O19: =M19/SUMIF('REPORTE DIARIO DE OPERACIONES'!C:C,"COSTAYACO",'REPORTE DIARIO DE OPERACIONES'!Q:Q) -> 0.67613636 | R19: • CUMMINS solo 13.5% disponibilidad
A20: =Hoja1!A14 -> CPW-12 | B20: =Hoja1!H14 -> 104796 | C20: =Hoja1!B14 -> 295 | D20: =Hoja1!C14 -> 225 | E20: =Hoja1!L14 -> 0.98484848 | F20: =Hoja1!D14 -> 0 | G20: =Hoja1!E14 -> 8 | H20: =Hoja1!F14 -> 0 | I20: =Hoja1!H14/Hoja1!$H$20 -> 0.033427399 | K20: VONU | L20: =SUMIF('REPORTE DIARIO DE OPERACIONES'!C:C,"VONU",'REPORTE DIARIO DE OPERACIONES'!K:K) -> 350249 | M20: =SUMIF('REPORTE DIARIO DE OPERACIONES'!C:C,"VONU",'REPORTE DIARIO DE OPERACIONES'!M:M) -> 997 | N20: =SUMIF('REPORTE DIARIO DE OPERACIONES'!C:C,"VONU",'REPORTE DIARIO DE OPERACIONES'!S:S) -> 0 | O20: =M20/SUMIF('REPORTE DIARIO DE OPERACIONES'!C:C,"VONU",'REPORTE DIARIO DE OPERACIONES'!Q:Q) -> 0.94412879 | R20: • CPW-04: 23 hrs MMT correctivo
A21: =Hoja1!A15 -> G101V | B21: =Hoja1!H15 -> 38427 | C21: =Hoja1!B15 -> 110 | D21: =Hoja1!C15 -> 418 | E21: =Hoja1!L15 -> 1 | F21: =Hoja1!D15 -> 0 | G21: =Hoja1!E15 -> 0 | H21: =Hoja1!F15 -> 0 | I21: =Hoja1!H15/Hoja1!$H$20 -> 0.012257287 | K21: TOTAL | L21: =SUM(L19:L20) -> 3135033 | M21: =SUM(M19:M20) -> 5638 | N21: =SUM(N19:N20) -> 0 | O21: =AVERAGE(O19:O20) -> 0.81013258 | R21: • 42.7% de indisponibilidad
A22: =Hoja1!A16 -> G102J | B22: =Hoja1!H16 -> 85209 | C22: =Hoja1!B16 -> 110 | D22: =Hoja1!C16 -> 418 | E22: =Hoja1!L16 -> 1 | F22: =Hoja1!D16 -> 0 | G22: =Hoja1!E16 -> 0 | H22: =Hoja1!F16 -> 0 | I22: =Hoja1!H16/Hoja1!$H$20 -> 0.027179618
A23: =Hoja1!A17 -> G102K | B23: =Hoja1!H17 -> 91530 | C23: =Hoja1!B17 -> 120 | D23: =Hoja1!C17 -> 408 | E23: =Hoja1!L17 -> 1 | F23: =Hoja1!D17 -> 0 | G23: =Hoja1!E17 -> 0 | H23: =Hoja1!F17 -> 0 | I23: =Hoja1!H17/Hoja1!$H$20 -> 0.029195865 | K23: 🌎 RESUMEN POR CUENCA | R23: 💡 RECOMENDACIONES:
A24: =Hoja1!A18 -> JIN-01 | B24: =Hoja1!H18 -> 174954 | C24: =Hoja1!B18 -> 489 | D24: =Hoja1!C18 -> 23 | E24: =Hoja1!L18 -> 0.96969697 | F24: =Hoja1!D18 -> 0 | G24: =Hoja1!E18 -> 16 | H24: =Hoja1!F18 -> 0 | I24: =Hoja1!H18/Hoja1!$H$20 -> 0.055806111 | R24: • Inspección técnica CPW-04
A25: =Hoja1!A19 -> JIN-02 | B25: =Hoja1!H19 -> 175295 | C25: =Hoja1!B19 -> 508 | D25: =Hoja1!C19 -> 13 | E25: =Hoja1!L19 -> 0.98674242 | F25: =Hoja1!D19 -> 0 | G25: =Hoja1!E19 -> 7 | H25: =Hoja1!F19 -> 0 | I25: =Hoja1!H19/Hoja1!$H$20 -> 0.055914882 | K25: Cuenca | L25: KWH Total | M25: Hrs Operación | N25: Fallas | O25: Disponibilidad | R25: • Plan recuperación CUMMINS
A26: TOTAL | B26: =SUM(B11:B25) -> 3135033 | C26: =SUM(C11:C25) -> 5638 | D26: =SUM(D11:D25) -> 2209 | E26: =AVERAGE(E11:E25) -> 0.99078283 | F26: =SUM(F11:F25) -> 0 | G26: =SUM(G11:G25) -> 73 | H26: =SUM(H11:H25) -> 0 | I26: =SUM(I11:I25) -> 1 | K26: PUTN | L26: =SUMIF('REPORTE DIARIO DE OPERACIONES'!B:B,"PUTN",'REPORTE DIARIO DE OPERACIONES'!K:K) -> 3135033 | M26: =SUMIF('REPORTE DIARIO DE OPERACIONES'!B:B,"PUTN",'REPORTE DIARIO DE OPERACIONES'!M:M) -> 5638 | N26: =SUMIF('REPORTE DIARIO DE OPERACIONES'!B:B,"PUTN",'REPORTE DIARIO DE OPERACIONES'!S:S) -> 0 | O26: =M26/SUMIF('REPORTE DIARIO DE OPERACIONES'!B:B,"PUTN",'REPORTE DIARIO DE OPERACIONES'!Q:Q) -> 0.71186869 | R26: • Meta: Disponibilidad ≥75%
A29: 🏆 TOP 5 GENERADORES | E29: ⚠️ ANÁLISIS DE FALLAS
A31: Ranking | B31: Unidad | C31: KWH Generados | E31: Métrica | F31: Valor | G31: Unidad | H31: Descripción | I31: Estado
A32: 1 | B32: =INDEX(Hoja1!$A$5:$A$18,MATCH(LARGE(Hoja1!$H$5:$H$18,1),Hoja1!$H$5:$H$18,0)) -> CPW-05 | C32: =LARGE(Hoja1!$H$5:$H$18,1) -> 366816 | E32: Total Fallas | F32: =Hoja1!D19 -> 0 | G32: Fallas | H32: Suma total período | I32: =IF(F32<=2,"✅ Bueno",IF(F32<=5,"⚠️ Moderado","🔴 Crítico")) -> ✅ Bueno | R32: 14043
A33: 2 | B33: =INDEX(Hoja1!$A$5:$A$18,MATCH(LARGE(Hoja1!$H$5:$H$18,2),Hoja1!$H$5:$H$18,0)) -> CPW-04 | C33: =LARGE(Hoja1!$H$5:$H$18,2) -> 342171 | E33: Unidades c/Fallas | F33: =COUNTIF(Hoja1!D5:D19,">0") -> 0 | G33: Unidades | H33: Conteo >0 fallas | I33: =IF(F33<=2,"✅ Bueno",IF(F33<=4,"⚠️ Moderado","🔴 Crítico")) -> ✅ Bueno | R33: 78853
A34: 3 | B34: =INDEX(Hoja1!$A$5:$A$18,MATCH(LARGE(Hoja1!$H$5:$H$18,3),Hoja1!$H$5:$H$18,0)) -> CPW-06 | C34: =LARGE(Hoja1!$H$5:$H$18,3) -> 338404 | E34: Tasa de Fallas | F34: =Hoja1!D19/18 -> 0 | G34: Fallas/Unid | H34: Total/16 unidades | I34: =IF(F34<=0.15,"✅ Bueno",IF(F34<=0.3,"⚠️ Moderado","🔴 Crítico")) -> ✅ Bueno | R34: 40185
A35: 4 | B35: =INDEX(Hoja1!$A$5:$A$18,MATCH(LARGE(Hoja1!$H$5:$H$18,4),Hoja1!$H$5:$H$18,0)) -> CPW-01 | C35: =LARGE(Hoja1!$H$5:$H$18,4) -> 292328 | E35: MTBF | F35: =IF(Hoja1!D19>0,Hoja1!B19/Hoja1!D19,"N/A") -> N/A | G35: Horas | H35: Hrs Op / Fallas | I35: =IF(F35>2000,"✅ Excelente",IF(F35>1000,"⚠️ Aceptable","🔴 Bajo")) -> ✅ Excelente
A36: 5 | B36: =INDEX(Hoja1!$A$5:$A$18,MATCH(LARGE(Hoja1!$H$5:$H$18,5),Hoja1!$H$5:$H$18,0)) -> CPW-03 | C36: =LARGE(Hoja1!$H$5:$H$18,5) -> 287674 | E36: MTTR | F36: =IF(Hoja1!D19>0,Hoja1!F19/Hoja1!D19,"N/A") -> N/A | G36: Horas | H36: Hrs MMT Corr / Fallas | I36: =IF(F36<20,"✅ Bueno",IF(F36<40,"⚠️ Moderado","🔴 Alto")) -> 🔴 Alto
E37: Indisponibilidad | F37: =1-D6 -> 0.28813131 | G37: % | H37: 100% - Disponibilidad | I37: =IF(F37<0.3,"✅ Bueno",IF(F37<0.5,"⚠️ Regular","🔴 Crítico")) -> ✅ Bueno
K45: Unidad | L45: Fallas | M45: Unidad | N45: Fallas
K46: =IF(F11<>0,A11," ") | L46: =IF(K46<>0,F11," ") -> 0
K47: =IF(F12<>0,A12," ") | L47: =IF(K47<>0,F12," ") -> 0
K48: =IF(F13<>0,A13," ") | L48: =IF(K48<>0,F13," ") -> 0
K49: =IF(F14<>0,A14," ") | L49: =IF(K49<>0,F14," ") -> 0
K50: =IF(F15<>0,A15," ") | L50: =IF(K50<>0,F15," ") -> 0
K51: =IF(F16<>0,A16," ") | L51: =IF(K51<>0,F16," ") -> 0
K52: =IF(F17<>0,A17," ") | L52: =IF(K52<>0,F17," ") -> 0
K53: =IF(F18<>0,A18," ") | L53: =IF(K53<>0,F18," ") -> 0
K54: =IF(F19<>0,A19," ") | L54: =IF(K54<>0,F19," ") -> 0
K55: =IF(F20<>0,A20," ") | L55: =IF(K55<>0,F20," ") -> 0
K56: =IF(F21<>0,A21," ") | L56: =IF(K56<>0,F21," ") -> 0
K57: =IF(F22<>0,A22," ") | L57: =IF(K57<>0,F22," ") -> 0
... K59: =IF(F24<>0,A24," ") | L59: =IF(K59<>0,F24," ") -> 0
L64: =IF(K64<>0,F26," ")
A77: 📍 RESUMEN PRUEBA DE CARGABILIDAD
A79: EQUIPO | B79: CARGA (KW) | C79: KW GENERADOS | D79: KW INICIALES | E79: KW FINALES | F79: TIEMPO PRUEBA | G79: COMPORTAMIENTO
A80: JINAN 10 | B80: 455 | C80: =E80-D80 -> 464 | D80: 1162570 | E80: 1163034 | F80: 9:30 - 10:30 | G80: ESTABLE
A81: JINAN 01 | B81: 455 | C81: =E81-D81 -> 562 | D81: 1622906 | E81: 1623468 | F81: 11:14 - 12:28 | G81: ESTABLE
A82: JINAN 02 | B82: 455 | C82: =E82-D82 -> 603 | D82: 1585525 | E82: 1586128 | F82: 12:28 - 13:38 | G82: ESTABLE
A83: CPW 04 | B83: 1050 | C83: =E83-D83 -> 1077 | D83: 2240831 | E83: 2241908 | F83: 11:14 - 12:20 | G83: ESTABLE
A84: CPW05 | B84: 1050 | C84: =E84-D84 -> 550 | D84: 2240450 | E84: 2241000 | F84: SE SUSPENDE | G84: ESTABLE
A85: TOTAL | B85: =SUM(B80:B84) -> 3465
A87: PENDIENTES
A89: Ranking | B89: Unidad
A90: 1 | B90: CPW 01
A91: 2 | B91: CPW 02
A92: 3 | B92: CPW 03
A93: 4 | B93: CPW 05
A94: 5 | B94: CPW 06

Sheet Hoja2
A2: CPW-01 | B2: 435240 | C2: CPW-01 | D2: 371766 | F2: =(B2-D2)/B2 -> 0.14583678
A3: CPW-02 | B3: 397129 | C3: CPW-02 | D3: 407223 | F3: =(B3-D3)/B3 -> -0.025417434
A4: CPW-03 | B4: 409861 | C4: CPW-03 | D4: 394942 | F4: =(B4-D4)/B4 -> 0.036400145
A5: CPW-04 | B5: 438156 | C5: CPW-04 | D5: 585130 | F5: =(B5-D5)/B5 -> -0.33543761
A6: CPW-05 | B6: 431557 | C6: CPW-05 | D6: 587407 | F6: =(B6-D6)/B6 -> -0.36113422
A7: CPW-06 | B7: 457101 | C7: CPW-06 | D7: 560828 | F7: =(B7-D7)/B7 -> -0.22692359
A8: CPW-07 | B8: 439734 | C8: CPW-07 | D8: 401031 | F8: =(B8-D8)/B8 -> 0.088014572
A9: CPW-10 | B9: 224679 | C9: CPW-10 | D9: 172764 | F9: =(B9-D9)/B9 -> 0.23106298
A10: CPW-11 | B10: 132155 | F10: =(B10-D10)/B10 -> 1
A11: CPW-12 | B11: 150342 | F11: =(B11-D11)/B11 -> 1
A12: G101V | B12: 14043 | C12: G101V | D12: 8062 | F12: =(B12-D12)/B12 -> 0.42590615
A13: G102J | B13: 78853 | C13: G102J | D13: 47005 | F13: =(B13-D13)/B13 -> 0.40389078
A14: G102K | B14: 40185 | C14: G102K | D14: 54949 | F14: =(B14-D14)/B14 -> -0.36740077
A15: JIN-01 | B15: 256282 | C15: JIN-01 | D15: 268214 | F15: =(B15-D15)/B15 -> -0.046558088
A16: JIN-02 | B16: 226600 | C16: JIN-02 | D16: 248282 | F16: =(B16-D16)/B16 -> -0.095684025
D18: =B2-D2 -> 63474
